{
  "name": "Shopify Order to Slack Notification",
  "nodes": [
    {
      "parameters": {
        "resource": "order",
        "operation": "getAll",
        "returnAll": false,
        "limit": 1
      },
      "name": "Shopify",
      "type": "n8n-nodes-base.shopify",
      "typeVersion": 1,
      "position": [250, 300]
    },
    {
      "parameters": {
        "channel": "#orders",
        "text": "New Shopify order! Customer: {{$json[\"customer\"]}}, Total: {{$json[\"total_price\"]}}"
      },
      "name": "Slack",
      "type": "n8n-nodes-base.slack",
      "typeVersion": 1,
      "position": [450, 300]
    }
  ],
  "connections": {
    "Shopify": {
      "main": [
        [
          {
            "node": "Slack",
            "type": "main",
            "index": 0
          }
        ]
      ]
    }
  }
}